OTUID,presence
72ca0a899d71f7d9023e44474c260434,0.7236842105263158
60f64fade87eb41933e5332783af8e22,0.6578947368421053
